timestamp,eventType,color
5730494400,NA,black
5730494400,NA,black
4684017600,TRANSFER,red
4684017600,INTUBATION,blue
4684017600,INTUBATION,blue
4684017600,TRANSFER,red
4684017600,FOLEY,green
4684017600,FOLEY,green
4684017600,DNR,yellow
4684017600,TRANSFER,red
4684017600,INTUBATION,blue
4684017600,INTUBATION,blue
4684017600,TRANSFER,red
4684017600,FOLEY,green
4684017600,FOLEY,green
4684017600,DNR,yellow
4684190400,TRANSFER,red
4684190400,INTUBATION,blue
4684190400,INTUBATION,blue
4684190400,TRANSFER,red
4684190400,FOLEY,green
4684190400,FOLEY,green
4684190400,DNR,yellow
4684363200,TRANSFER,red
4684363200,INTUBATION,blue
4684363200,INTUBATION,blue
4684363200,TRANSFER,red
4684363200,FOLEY,green
4684363200,FOLEY,green
4684363200,DNR,yellow
4684622400,TRANSFER,red
4684622400,INTUBATION,blue
4684622400,INTUBATION,blue
4684622400,TRANSFER,red
4684622400,FOLEY,green
4684622400,FOLEY,green
4684622400,DNR,yellow
4684622400,TRANSFER,red
4684622400,INTUBATION,blue
4684622400,INTUBATION,blue
4684622400,TRANSFER,red
4684622400,FOLEY,green
4684622400,FOLEY,green
4684622400,DNR,yellow
4684622400,TRANSFER,red
4684622400,INTUBATION,blue
4684622400,INTUBATION,blue
4684622400,TRANSFER,red
4684622400,FOLEY,green
4684622400,FOLEY,green
4684622400,DNR,yellow
4684276800,TRANSFER,red
4684276800,INTUBATION,blue
4684276800,INTUBATION,blue
4684276800,TRANSFER,red
4684276800,FOLEY,green
4684276800,FOLEY,green
4684276800,DNR,yellow
4684622400,TRANSFER,red
4684622400,INTUBATION,blue
4684622400,INTUBATION,blue
4684622400,TRANSFER,red
4684622400,FOLEY,green
4684622400,FOLEY,green
4684622400,DNR,yellow
4894837200,TRANSFER,red
4894837200,RESUSCITATION,purple
4894837200,RESUSCITATION,purple
4894837200,RESUSCITATION,purple
4894837200,TRANSFER,red
4894837200,RESUSCITATION,purple
4894837200,INTUBATION,blue
4894837200,TRANSFER,red
4894837200,RESUSCITATION,purple
4894837200,RESUSCITATION,purple
4894837200,RESUSCITATION,purple
4894837200,TRANSFER,red
4894837200,RESUSCITATION,purple
4894837200,INTUBATION,blue
4894837200,TRANSFER,red
4894837200,RESUSCITATION,purple
4894837200,RESUSCITATION,purple
4894837200,RESUSCITATION,purple
4894837200,TRANSFER,red
4894837200,RESUSCITATION,purple
4894837200,INTUBATION,blue
4894837200,TRANSFER,red
4894837200,RESUSCITATION,purple
4894837200,RESUSCITATION,purple
4894837200,RESUSCITATION,purple
4894837200,TRANSFER,red
4894837200,RESUSCITATION,purple
4894837200,INTUBATION,blue
4894750800,TRANSFER,red
4894750800,RESUSCITATION,purple
4894750800,RESUSCITATION,purple
4894750800,RESUSCITATION,purple
4894750800,TRANSFER,red
4894750800,RESUSCITATION,purple
4894750800,INTUBATION,blue
4894837200,TRANSFER,red
4894837200,RESUSCITATION,purple
4894837200,RESUSCITATION,purple
4894837200,RESUSCITATION,purple
4894837200,TRANSFER,red
4894837200,RESUSCITATION,purple
4894837200,INTUBATION,blue
4894750800,TRANSFER,red
4894750800,RESUSCITATION,purple
4894750800,RESUSCITATION,purple
4894750800,RESUSCITATION,purple
4894750800,TRANSFER,red
4894750800,RESUSCITATION,purple
4894750800,INTUBATION,blue
4894837200,TRANSFER,red
4894837200,RESUSCITATION,purple
4894837200,RESUSCITATION,purple
4894837200,RESUSCITATION,purple
4894837200,TRANSFER,red
4894837200,RESUSCITATION,purple
4894837200,INTUBATION,blue
4894750800,TRANSFER,red
4894750800,RESUSCITATION,purple
4894750800,RESUSCITATION,purple
4894750800,RESUSCITATION,purple
4894750800,TRANSFER,red
4894750800,RESUSCITATION,purple
4894750800,INTUBATION,blue
4894750800,TRANSFER,red
4894750800,RESUSCITATION,purple
4894750800,RESUSCITATION,purple
4894750800,RESUSCITATION,purple
4894750800,TRANSFER,red
4894750800,RESUSCITATION,purple
4894750800,INTUBATION,blue
4868308800,TRANSFER,red
4868308800,RESUSCITATION,purple
4868308800,RESUSCITATION,purple
4868308800,RESUSCITATION,purple
4868308800,TRANSFER,red
4868308800,RESUSCITATION,purple
4868308800,INTUBATION,blue
4894837200,TRANSFER,red
4894837200,RESUSCITATION,purple
4894837200,RESUSCITATION,purple
4894837200,RESUSCITATION,purple
4894837200,TRANSFER,red
4894837200,RESUSCITATION,purple
4894837200,INTUBATION,blue
4895096400,TRANSFER,red
4895096400,RESUSCITATION,purple
4895096400,RESUSCITATION,purple
4895096400,RESUSCITATION,purple
4895096400,TRANSFER,red
4895096400,RESUSCITATION,purple
4895096400,INTUBATION,blue
4895355600,TRANSFER,red
4895355600,RESUSCITATION,purple
4895355600,RESUSCITATION,purple
4895355600,RESUSCITATION,purple
4895355600,TRANSFER,red
4895355600,RESUSCITATION,purple
4895355600,INTUBATION,blue
4895355600,TRANSFER,red
4895355600,RESUSCITATION,purple
4895355600,RESUSCITATION,purple
4895355600,RESUSCITATION,purple
4895355600,TRANSFER,red
4895355600,RESUSCITATION,purple
4895355600,INTUBATION,blue
7015608000,TRANSFER,red
7015608000,DNR,yellow
7015608000,TRANSFER,red
7015608000,TRANSFER,red
7015608000,FEEDING TUBE,pink
7015608000,FEEDING TUBE,pink
7015608000,FEEDING TUBE,pink
7016040000,TRANSFER,red
7016040000,DNR,yellow
7016040000,TRANSFER,red
7016040000,TRANSFER,red
7016040000,FEEDING TUBE,pink
7016040000,FEEDING TUBE,pink
7016040000,FEEDING TUBE,pink
7017076800,TRANSFER,red
7017076800,DNR,yellow
7017076800,TRANSFER,red
7017076800,TRANSFER,red
7017076800,FEEDING TUBE,pink
7017076800,FEEDING TUBE,pink
7017076800,FEEDING TUBE,pink
7016644800,TRANSFER,red
7016644800,DNR,yellow
7016644800,TRANSFER,red
7016644800,TRANSFER,red
7016644800,FEEDING TUBE,pink
7016644800,FEEDING TUBE,pink
7016644800,FEEDING TUBE,pink
7016558400,TRANSFER,red
7016558400,DNR,yellow
7016558400,TRANSFER,red
7016558400,TRANSFER,red
7016558400,FEEDING TUBE,pink
7016558400,FEEDING TUBE,pink
7016558400,FEEDING TUBE,pink
7016385600,TRANSFER,red
7016385600,DNR,yellow
7016385600,TRANSFER,red
7016385600,TRANSFER,red
7016385600,FEEDING TUBE,pink
7016385600,FEEDING TUBE,pink
7016385600,FEEDING TUBE,pink
7016299200,TRANSFER,red
7016299200,DNR,yellow
7016299200,TRANSFER,red
7016299200,TRANSFER,red
7016299200,FEEDING TUBE,pink
7016299200,FEEDING TUBE,pink
7016299200,FEEDING TUBE,pink
7015608000,TRANSFER,red
7015608000,DNR,yellow
7015608000,TRANSFER,red
7015608000,TRANSFER,red
7015608000,FEEDING TUBE,pink
7015608000,FEEDING TUBE,pink
7015608000,FEEDING TUBE,pink
7017076800,TRANSFER,red
7017076800,DNR,yellow
7017076800,TRANSFER,red
7017076800,TRANSFER,red
7017076800,FEEDING TUBE,pink
7017076800,FEEDING TUBE,pink
7017076800,FEEDING TUBE,pink
7017595200,TRANSFER,red
7017595200,DNR,yellow
7017595200,TRANSFER,red
7017595200,TRANSFER,red
7017595200,FEEDING TUBE,pink
7017595200,FEEDING TUBE,pink
7017595200,FEEDING TUBE,pink
7017940800,TRANSFER,red
7017940800,DNR,yellow
7017940800,TRANSFER,red
7017940800,TRANSFER,red
7017940800,FEEDING TUBE,pink
7017940800,FEEDING TUBE,pink
7017940800,FEEDING TUBE,pink
7017336000,TRANSFER,red
7017336000,DNR,yellow
7017336000,TRANSFER,red
7017336000,TRANSFER,red
7017336000,FEEDING TUBE,pink
7017336000,FEEDING TUBE,pink
7017336000,FEEDING TUBE,pink
5469307200,INTUBATION,blue
5469307200,FEEDING TUBE,pink
5469307200,TRANSFER,red
5469652800,INTUBATION,blue
5469652800,FEEDING TUBE,pink
5469652800,TRANSFER,red
5469652800,INTUBATION,blue
5469652800,FEEDING TUBE,pink
5469652800,TRANSFER,red
7230056400,TRANSFER,red
7230056400,INTUBATION,blue
7230056400,TRANSFER,red
7230142800,TRANSFER,red
7230142800,INTUBATION,blue
7230142800,TRANSFER,red
7230315600,TRANSFER,red
7230315600,INTUBATION,blue
7230315600,TRANSFER,red
7230661200,TRANSFER,red
7230661200,INTUBATION,blue
7230661200,TRANSFER,red
7379179200,TRANSFER,red
7379179200,TRANSFER,red
7379179200,TRANSFER,red
7379179200,TRANSFER,red
7379179200,TRANSFER,red
7379179200,TRANSFER,red
7379179200,TRANSFER,red
7379179200,TRANSFER,red
7379179200,TRANSFER,red
7379179200,TRANSFER,red
7379179200,TRANSFER,red
7379179200,TRANSFER,red
7379352000,TRANSFER,red
7379874000,TRANSFER,red
7379614800,TRANSFER,red
5767214400,TRANSFER,red
5767214400,FEEDING TUBE,pink
5767905600,TRANSFER,red
5767905600,FEEDING TUBE,pink
5767905600,TRANSFER,red
5767905600,FEEDING TUBE,pink
7085937600,TRANSFER,red
7085937600,DNR,yellow
7085937600,DNI,cyan
7085937600,TRANSFER,red
7085937600,DNR,yellow
7085937600,DNI,cyan
7085937600,TRANSFER,red
7085937600,DNR,yellow
7085937600,DNI,cyan
7085937600,TRANSFER,red
7085937600,DNR,yellow
7085937600,DNI,cyan
7085937600,TRANSFER,red
7085937600,DNR,yellow
7085937600,DNI,cyan
7109265600,TRANSFER,red
7109265600,TRANSFER,red
7109265600,TRANSFER,red
7109265600,TRANSFER,red
7109265600,TRANSFER,red
7109265600,TRANSFER,red
7109265600,TRANSFER,red
7109265600,TRANSFER,red
7109265600,TRANSFER,red
7109265600,TRANSFER,red
7109265600,TRANSFER,red
7109265600,TRANSFER,red
7109265600,TRANSFER,red
7109265600,TRANSFER,red
7109265600,TRANSFER,red
7109265600,TRANSFER,red
7109265600,TRANSFER,red
7109265600,TRANSFER,red
7109265600,TRANSFER,red
7109265600,TRANSFER,red
7109265600,TRANSFER,red
7109265600,TRANSFER,red
7109265600,TRANSFER,red
7109265600,TRANSFER,red
7109265600,TRANSFER,red
7109265600,TRANSFER,red
7109265600,TRANSFER,red
7109265600,TRANSFER,red
7109265600,TRANSFER,red
7109265600,TRANSFER,red
7109265600,TRANSFER,red
7109265600,TRANSFER,red
7109265600,TRANSFER,red
7109265600,TRANSFER,red
7109265600,TRANSFER,red
7109438400,TRANSFER,red
7109438400,TRANSFER,red
7109438400,TRANSFER,red
7109438400,TRANSFER,red
7109438400,TRANSFER,red
7109438400,TRANSFER,red
7109438400,TRANSFER,red
7109438400,TRANSFER,red
7109438400,TRANSFER,red
7109438400,TRANSFER,red
7109265600,TRANSFER,red
7109265600,TRANSFER,red
7109265600,TRANSFER,red
7109265600,TRANSFER,red
7109265600,TRANSFER,red
5051998800,TRANSFER,red
5051998800,RESUSCITATION,purple
5051998800,TRANSFER,red
5051998800,TRANSFER,red
5051998800,RESUSCITATION,purple
5051998800,TRANSFER,red
5051998800,TRANSFER,red
5051998800,RESUSCITATION,purple
5051998800,TRANSFER,red
5051998800,TRANSFER,red
5051998800,RESUSCITATION,purple
5051998800,TRANSFER,red
4712702400,INTUBATION,blue
4712702400,INTUBATION,blue
4712702400,INTUBATION,blue
4712702400,INTUBATION,blue
4712702400,INTUBATION,blue
4712702400,INTUBATION,blue
4712702400,FEEDING TUBE,pink
4712702400,FEEDING TUBE,pink
4712702400,FEEDING TUBE,pink
4713393600,INTUBATION,blue
4713393600,INTUBATION,blue
4713393600,INTUBATION,blue
4713393600,INTUBATION,blue
4713393600,INTUBATION,blue
4713393600,INTUBATION,blue
4713393600,FEEDING TUBE,pink
4713393600,FEEDING TUBE,pink
4713393600,FEEDING TUBE,pink
4713739200,INTUBATION,blue
4713739200,INTUBATION,blue
4713739200,INTUBATION,blue
4713739200,INTUBATION,blue
4713739200,INTUBATION,blue
4713739200,INTUBATION,blue
4713739200,FEEDING TUBE,pink
4713739200,FEEDING TUBE,pink
4713739200,FEEDING TUBE,pink
4713912000,INTUBATION,blue
4713912000,INTUBATION,blue
4713912000,INTUBATION,blue
4713912000,INTUBATION,blue
4713912000,INTUBATION,blue
4713912000,INTUBATION,blue
4713912000,FEEDING TUBE,pink
4713912000,FEEDING TUBE,pink
4713912000,FEEDING TUBE,pink
4712702400,INTUBATION,blue
4712702400,INTUBATION,blue
4712702400,INTUBATION,blue
4712702400,INTUBATION,blue
4712702400,INTUBATION,blue
4712702400,INTUBATION,blue
4712702400,FEEDING TUBE,pink
4712702400,FEEDING TUBE,pink
4712702400,FEEDING TUBE,pink
4713393600,INTUBATION,blue
4713393600,INTUBATION,blue
4713393600,INTUBATION,blue
4713393600,INTUBATION,blue
4713393600,INTUBATION,blue
4713393600,INTUBATION,blue
4713393600,FEEDING TUBE,pink
4713393600,FEEDING TUBE,pink
4713393600,FEEDING TUBE,pink
4714430400,INTUBATION,blue
4714430400,INTUBATION,blue
4714430400,INTUBATION,blue
4714430400,INTUBATION,blue
4714430400,INTUBATION,blue
4714430400,INTUBATION,blue
4714430400,FEEDING TUBE,pink
4714430400,FEEDING TUBE,pink
4714430400,FEEDING TUBE,pink
4712702400,INTUBATION,blue
4712702400,INTUBATION,blue
4712702400,INTUBATION,blue
4712702400,INTUBATION,blue
4712702400,INTUBATION,blue
4712702400,INTUBATION,blue
4712702400,FEEDING TUBE,pink
4712702400,FEEDING TUBE,pink
4712702400,FEEDING TUBE,pink
4713393600,INTUBATION,blue
4713393600,INTUBATION,blue
4713393600,INTUBATION,blue
4713393600,INTUBATION,blue
4713393600,INTUBATION,blue
4713393600,INTUBATION,blue
4713393600,FEEDING TUBE,pink
4713393600,FEEDING TUBE,pink
4713393600,FEEDING TUBE,pink
4713825600,INTUBATION,blue
4713825600,INTUBATION,blue
4713825600,INTUBATION,blue
4713825600,INTUBATION,blue
4713825600,INTUBATION,blue
4713825600,INTUBATION,blue
4713825600,FEEDING TUBE,pink
4713825600,FEEDING TUBE,pink
4713825600,FEEDING TUBE,pink
4712875200,INTUBATION,blue
4712875200,INTUBATION,blue
4712875200,INTUBATION,blue
4712875200,INTUBATION,blue
4712875200,INTUBATION,blue
4712875200,INTUBATION,blue
4712875200,FEEDING TUBE,pink
4712875200,FEEDING TUBE,pink
4712875200,FEEDING TUBE,pink
4713393600,INTUBATION,blue
4713393600,INTUBATION,blue
4713393600,INTUBATION,blue
4713393600,INTUBATION,blue
4713393600,INTUBATION,blue
4713393600,INTUBATION,blue
4713393600,FEEDING TUBE,pink
4713393600,FEEDING TUBE,pink
4713393600,FEEDING TUBE,pink
4714171200,INTUBATION,blue
4714171200,INTUBATION,blue
4714171200,INTUBATION,blue
4714171200,INTUBATION,blue
4714171200,INTUBATION,blue
4714171200,INTUBATION,blue
4714171200,FEEDING TUBE,pink
4714171200,FEEDING TUBE,pink
4714171200,FEEDING TUBE,pink
4712961600,INTUBATION,blue
4712961600,INTUBATION,blue
4712961600,INTUBATION,blue
4712961600,INTUBATION,blue
4712961600,INTUBATION,blue
4712961600,INTUBATION,blue
4712961600,FEEDING TUBE,pink
4712961600,FEEDING TUBE,pink
4712961600,FEEDING TUBE,pink
4713307200,INTUBATION,blue
4713307200,INTUBATION,blue
4713307200,INTUBATION,blue
4713307200,INTUBATION,blue
4713307200,INTUBATION,blue
4713307200,INTUBATION,blue
4713307200,FEEDING TUBE,pink
4713307200,FEEDING TUBE,pink
4713307200,FEEDING TUBE,pink
4713912000,INTUBATION,blue
4713912000,INTUBATION,blue
4713912000,INTUBATION,blue
4713912000,INTUBATION,blue
4713912000,INTUBATION,blue
4713912000,INTUBATION,blue
4713912000,FEEDING TUBE,pink
4713912000,FEEDING TUBE,pink
4713912000,FEEDING TUBE,pink
4713566400,INTUBATION,blue
4713566400,INTUBATION,blue
4713566400,INTUBATION,blue
4713566400,INTUBATION,blue
4713566400,INTUBATION,blue
4713566400,INTUBATION,blue
4713566400,FEEDING TUBE,pink
4713566400,FEEDING TUBE,pink
4713566400,FEEDING TUBE,pink
4714171200,INTUBATION,blue
4714171200,INTUBATION,blue
4714171200,INTUBATION,blue
4714171200,INTUBATION,blue
4714171200,INTUBATION,blue
4714171200,INTUBATION,blue
4714171200,FEEDING TUBE,pink
4714171200,FEEDING TUBE,pink
4714171200,FEEDING TUBE,pink
4714257600,INTUBATION,blue
4714257600,INTUBATION,blue
4714257600,INTUBATION,blue
4714257600,INTUBATION,blue
4714257600,INTUBATION,blue
4714257600,INTUBATION,blue
4714257600,FEEDING TUBE,pink
4714257600,FEEDING TUBE,pink
4714257600,FEEDING TUBE,pink
4713048000,INTUBATION,blue
4713048000,INTUBATION,blue
4713048000,INTUBATION,blue
4713048000,INTUBATION,blue
4713048000,INTUBATION,blue
4713048000,INTUBATION,blue
4713048000,FEEDING TUBE,pink
4713048000,FEEDING TUBE,pink
4713048000,FEEDING TUBE,pink
4713739200,INTUBATION,blue
4713739200,INTUBATION,blue
4713739200,INTUBATION,blue
4713739200,INTUBATION,blue
4713739200,INTUBATION,blue
4713739200,INTUBATION,blue
4713739200,FEEDING TUBE,pink
4713739200,FEEDING TUBE,pink
4713739200,FEEDING TUBE,pink
5096059200,NA,black
5096059200,NA,black
5096059200,NA,black
5096059200,NA,black
5096059200,NA,black
5096059200,NA,black
5096145600,NA,black
5097182400,DNR,yellow
5097182400,DNI,cyan
5097614400,DNR,yellow
5097614400,DNI,cyan
5097096000,DNR,yellow
5097096000,DNI,cyan
5097009600,DNR,yellow
5097009600,DNI,cyan
5097009600,DNR,yellow
5097009600,DNI,cyan
5097009600,DNR,yellow
5097009600,DNI,cyan
5096750400,DNR,yellow
5096750400,DNI,cyan
5096664000,DNR,yellow
5096664000,DNI,cyan
5097009600,DNR,yellow
5097009600,DNI,cyan
5097182400,DNR,yellow
5097182400,DNI,cyan
5098219200,DNR,yellow
5098219200,DNI,cyan
6946146000,INTUBATION,blue
6946146000,INTUBATION,blue
6946146000,INTUBATION,blue
6946146000,INTUBATION,blue
6946405200,INTUBATION,blue
6946491600,INTUBATION,blue
6946232400,INTUBATION,blue
4269988800,TRANSFER,red
4269988800,TRANSFER,red
4269988800,TRANSFER,red
4269988800,DNR,yellow
4269988800,DNI,cyan
4269297600,TRANSFER,red
4269297600,TRANSFER,red
4269297600,TRANSFER,red
4269297600,DNR,yellow
4269297600,DNI,cyan
4269297600,TRANSFER,red
4269297600,TRANSFER,red
4269297600,TRANSFER,red
4269297600,DNR,yellow
4269297600,DNI,cyan
4269297600,TRANSFER,red
4269297600,TRANSFER,red
4269297600,TRANSFER,red
4269297600,DNR,yellow
4269297600,DNI,cyan
4269297600,TRANSFER,red
4269297600,TRANSFER,red
4269297600,TRANSFER,red
4269297600,DNR,yellow
4269297600,DNI,cyan
4269297600,TRANSFER,red
4269297600,TRANSFER,red
4269297600,TRANSFER,red
4269297600,DNR,yellow
4269297600,DNI,cyan
4269297600,TRANSFER,red
4269297600,TRANSFER,red
4269297600,TRANSFER,red
4269297600,DNR,yellow
4269297600,DNI,cyan
4269902400,TRANSFER,red
4269902400,TRANSFER,red
4269902400,TRANSFER,red
4269902400,DNR,yellow
4269902400,DNI,cyan
4269470400,TRANSFER,red
4269470400,TRANSFER,red
4269470400,TRANSFER,red
4269470400,DNR,yellow
4269470400,DNI,cyan
4269470400,TRANSFER,red
4269470400,TRANSFER,red
4269470400,TRANSFER,red
4269470400,DNR,yellow
4269470400,DNI,cyan
4269643200,TRANSFER,red
4269643200,TRANSFER,red
4269643200,TRANSFER,red
4269643200,DNR,yellow
4269643200,DNI,cyan
7205342400,FEEDING TUBE,pink
7205342400,FEEDING TUBE,pink
7205342400,TRANSFER,red
7205342400,FEEDING TUBE,pink
7205342400,FEEDING TUBE,pink
7205342400,FEEDING TUBE,pink
7205342400,FEEDING TUBE,pink
7205342400,FEEDING TUBE,pink
7205342400,FEEDING TUBE,pink
7205342400,FEEDING TUBE,pink
7205342400,TRANSFER,red
7205601600,FEEDING TUBE,pink
7205601600,FEEDING TUBE,pink
7205601600,TRANSFER,red
7205601600,FEEDING TUBE,pink
7205601600,FEEDING TUBE,pink
7205601600,FEEDING TUBE,pink
7205601600,FEEDING TUBE,pink
7205601600,FEEDING TUBE,pink
7205601600,FEEDING TUBE,pink
7205601600,FEEDING TUBE,pink
7205601600,TRANSFER,red
7204737600,FEEDING TUBE,pink
7204737600,FEEDING TUBE,pink
7204737600,TRANSFER,red
7204737600,FEEDING TUBE,pink
7204737600,FEEDING TUBE,pink
7204737600,FEEDING TUBE,pink
7204737600,FEEDING TUBE,pink
7204737600,FEEDING TUBE,pink
7204737600,FEEDING TUBE,pink
7204737600,FEEDING TUBE,pink
7204737600,TRANSFER,red
7205601600,FEEDING TUBE,pink
7205601600,FEEDING TUBE,pink
7205601600,TRANSFER,red
7205601600,FEEDING TUBE,pink
7205601600,FEEDING TUBE,pink
7205601600,FEEDING TUBE,pink
7205601600,FEEDING TUBE,pink
7205601600,FEEDING TUBE,pink
7205601600,FEEDING TUBE,pink
7205601600,FEEDING TUBE,pink
7205601600,TRANSFER,red
7205774400,FEEDING TUBE,pink
7205774400,FEEDING TUBE,pink
7205774400,TRANSFER,red
7205774400,FEEDING TUBE,pink
7205774400,FEEDING TUBE,pink
7205774400,FEEDING TUBE,pink
7205774400,FEEDING TUBE,pink
7205774400,FEEDING TUBE,pink
7205774400,FEEDING TUBE,pink
7205774400,FEEDING TUBE,pink
7205774400,TRANSFER,red
7205428800,FEEDING TUBE,pink
7205428800,FEEDING TUBE,pink
7205428800,TRANSFER,red
7205428800,FEEDING TUBE,pink
7205428800,FEEDING TUBE,pink
7205428800,FEEDING TUBE,pink
7205428800,FEEDING TUBE,pink
7205428800,FEEDING TUBE,pink
7205428800,FEEDING TUBE,pink
7205428800,FEEDING TUBE,pink
7205428800,TRANSFER,red
7205428800,FEEDING TUBE,pink
7205428800,FEEDING TUBE,pink
7205428800,TRANSFER,red
7205428800,FEEDING TUBE,pink
7205428800,FEEDING TUBE,pink
7205428800,FEEDING TUBE,pink
7205428800,FEEDING TUBE,pink
7205428800,FEEDING TUBE,pink
7205428800,FEEDING TUBE,pink
7205428800,FEEDING TUBE,pink
7205428800,TRANSFER,red
7205342400,FEEDING TUBE,pink
7205342400,FEEDING TUBE,pink
7205342400,TRANSFER,red
7205342400,FEEDING TUBE,pink
7205342400,FEEDING TUBE,pink
7205342400,FEEDING TUBE,pink
7205342400,FEEDING TUBE,pink
7205342400,FEEDING TUBE,pink
7205342400,FEEDING TUBE,pink
7205342400,FEEDING TUBE,pink
7205342400,TRANSFER,red
7204824000,FEEDING TUBE,pink
7204824000,FEEDING TUBE,pink
7204824000,TRANSFER,red
7204824000,FEEDING TUBE,pink
7204824000,FEEDING TUBE,pink
7204824000,FEEDING TUBE,pink
7204824000,FEEDING TUBE,pink
7204824000,FEEDING TUBE,pink
7204824000,FEEDING TUBE,pink
7204824000,FEEDING TUBE,pink
7204824000,TRANSFER,red
7205169600,FEEDING TUBE,pink
7205169600,FEEDING TUBE,pink
7205169600,TRANSFER,red
7205169600,FEEDING TUBE,pink
7205169600,FEEDING TUBE,pink
7205169600,FEEDING TUBE,pink
7205169600,FEEDING TUBE,pink
7205169600,FEEDING TUBE,pink
7205169600,FEEDING TUBE,pink
7205169600,FEEDING TUBE,pink
7205169600,TRANSFER,red
7205342400,FEEDING TUBE,pink
7205342400,FEEDING TUBE,pink
7205342400,TRANSFER,red
7205342400,FEEDING TUBE,pink
7205342400,FEEDING TUBE,pink
7205342400,FEEDING TUBE,pink
7205342400,FEEDING TUBE,pink
7205342400,FEEDING TUBE,pink
7205342400,FEEDING TUBE,pink
7205342400,FEEDING TUBE,pink
7205342400,TRANSFER,red
4971816000,TRANSFER,red
4971816000,TRANSFER,red
4971816000,INTUBATION,blue
4971816000,TRANSFER,red
4971816000,INTUBATION,blue
4971816000,INTUBATION,blue
4971816000,INTUBATION,blue
4971816000,TRANSFER,red
4971816000,TRANSFER,red
4971816000,INTUBATION,blue
4971816000,TRANSFER,red
4971816000,INTUBATION,blue
4971816000,INTUBATION,blue
4971816000,INTUBATION,blue
4971816000,TRANSFER,red
4971816000,TRANSFER,red
4971816000,INTUBATION,blue
4971816000,TRANSFER,red
4971816000,INTUBATION,blue
4971816000,INTUBATION,blue
4971816000,INTUBATION,blue
4971816000,TRANSFER,red
4971816000,TRANSFER,red
4971816000,INTUBATION,blue
4971816000,TRANSFER,red
4971816000,INTUBATION,blue
4971816000,INTUBATION,blue
4971816000,INTUBATION,blue
4971902400,TRANSFER,red
4971902400,TRANSFER,red
4971902400,INTUBATION,blue
4971902400,TRANSFER,red
4971902400,INTUBATION,blue
4971902400,INTUBATION,blue
4971902400,INTUBATION,blue
4971816000,TRANSFER,red
4971816000,TRANSFER,red
4971816000,INTUBATION,blue
4971816000,TRANSFER,red
4971816000,INTUBATION,blue
4971816000,INTUBATION,blue
4971816000,INTUBATION,blue
4971902400,TRANSFER,red
4971902400,TRANSFER,red
4971902400,INTUBATION,blue
4971902400,TRANSFER,red
4971902400,INTUBATION,blue
4971902400,INTUBATION,blue
4971902400,INTUBATION,blue
4971816000,TRANSFER,red
4971816000,TRANSFER,red
4971816000,INTUBATION,blue
4971816000,TRANSFER,red
4971816000,INTUBATION,blue
4971816000,INTUBATION,blue
4971816000,INTUBATION,blue
4971902400,TRANSFER,red
4971902400,TRANSFER,red
4971902400,INTUBATION,blue
4971902400,TRANSFER,red
4971902400,INTUBATION,blue
4971902400,INTUBATION,blue
4971902400,INTUBATION,blue
4971902400,TRANSFER,red
4971902400,TRANSFER,red
4971902400,INTUBATION,blue
4971902400,TRANSFER,red
4971902400,INTUBATION,blue
4971902400,INTUBATION,blue
4971902400,INTUBATION,blue
4971902400,TRANSFER,red
4971902400,TRANSFER,red
4971902400,INTUBATION,blue
4971902400,TRANSFER,red
4971902400,INTUBATION,blue
4971902400,INTUBATION,blue
4971902400,INTUBATION,blue
4971816000,TRANSFER,red
4971816000,TRANSFER,red
4971816000,INTUBATION,blue
4971816000,TRANSFER,red
4971816000,INTUBATION,blue
4971816000,INTUBATION,blue
4971816000,INTUBATION,blue
5111442000,INTUBATION,blue
5111442000,INTUBATION,blue
5111442000,DNR,yellow
5111442000,INTUBATION,blue
5111442000,TRANSFER,red
5111442000,INTUBATION,blue
5111442000,DNI,cyan
5111442000,INTUBATION,blue
5111442000,INTUBATION,blue
5111442000,DNR,yellow
5111442000,INTUBATION,blue
5111442000,TRANSFER,red
5111442000,INTUBATION,blue
5111442000,DNI,cyan
5111442000,INTUBATION,blue
5111442000,INTUBATION,blue
5111442000,DNR,yellow
5111442000,INTUBATION,blue
5111442000,TRANSFER,red
5111442000,INTUBATION,blue
5111442000,DNI,cyan
5111442000,INTUBATION,blue
5111442000,INTUBATION,blue
5111442000,DNR,yellow
5111442000,INTUBATION,blue
5111442000,TRANSFER,red
5111442000,INTUBATION,blue
5111442000,DNI,cyan
5111442000,INTUBATION,blue
5111442000,INTUBATION,blue
5111442000,DNR,yellow
5111442000,INTUBATION,blue
5111442000,TRANSFER,red
5111442000,INTUBATION,blue
5111442000,DNI,cyan
5111442000,INTUBATION,blue
5111442000,INTUBATION,blue
5111442000,DNR,yellow
5111442000,INTUBATION,blue
5111442000,TRANSFER,red
5111442000,INTUBATION,blue
5111442000,DNI,cyan
5111442000,INTUBATION,blue
5111442000,INTUBATION,blue
5111442000,DNR,yellow
5111442000,INTUBATION,blue
5111442000,TRANSFER,red
5111442000,INTUBATION,blue
5111442000,DNI,cyan
5111960400,INTUBATION,blue
5111960400,INTUBATION,blue
5111960400,DNR,yellow
5111960400,INTUBATION,blue
5111960400,TRANSFER,red
5111960400,INTUBATION,blue
5111960400,DNI,cyan
5111442000,INTUBATION,blue
5111442000,INTUBATION,blue
5111442000,DNR,yellow
5111442000,INTUBATION,blue
5111442000,TRANSFER,red
5111442000,INTUBATION,blue
5111442000,DNI,cyan
5111614800,INTUBATION,blue
5111614800,INTUBATION,blue
5111614800,DNR,yellow
5111614800,INTUBATION,blue
5111614800,TRANSFER,red
5111614800,INTUBATION,blue
5111614800,DNI,cyan
5111528400,INTUBATION,blue
5111528400,INTUBATION,blue
5111528400,DNR,yellow
5111528400,INTUBATION,blue
5111528400,TRANSFER,red
5111528400,INTUBATION,blue
5111528400,DNI,cyan
5111787600,INTUBATION,blue
5111787600,INTUBATION,blue
5111787600,DNR,yellow
5111787600,INTUBATION,blue
5111787600,TRANSFER,red
5111787600,INTUBATION,blue
5111787600,DNI,cyan
6940098000,TRANSFER,red
6940098000,TRANSFER,red
6940098000,TRANSFER,red
6940098000,TRANSFER,red
6940098000,INTUBATION,blue
6940098000,TRANSFER,red
6940098000,FOLEY,green
6940270800,TRANSFER,red
6940270800,TRANSFER,red
6940270800,TRANSFER,red
6940270800,TRANSFER,red
6940270800,INTUBATION,blue
6940270800,TRANSFER,red
6940270800,FOLEY,green
6940184400,TRANSFER,red
6940184400,TRANSFER,red
6940184400,TRANSFER,red
6940184400,TRANSFER,red
6940184400,INTUBATION,blue
6940184400,TRANSFER,red
6940184400,FOLEY,green
6940357200,TRANSFER,red
6940357200,TRANSFER,red
6940357200,TRANSFER,red
6940357200,TRANSFER,red
6940357200,INTUBATION,blue
6940357200,TRANSFER,red
6940357200,FOLEY,green
6940443600,TRANSFER,red
6940443600,TRANSFER,red
6940443600,TRANSFER,red
6940443600,TRANSFER,red
6940443600,INTUBATION,blue
6940443600,TRANSFER,red
6940443600,FOLEY,green
6940530000,TRANSFER,red
6940530000,TRANSFER,red
6940530000,TRANSFER,red
6940530000,TRANSFER,red
6940530000,INTUBATION,blue
6940530000,TRANSFER,red
6940530000,FOLEY,green
10000,TRANSFER,red
10000,TRANSFER,red
10000,TRANSFER,red
10000,TRANSFER,red
10000,TRANSFER,red
10000,TRANSFER,red
10000,TRANSFER,red
10000,TRANSFER,red
10000,TRANSFER,red
10000,TRANSFER,red
10000,TRANSFER,red
10000,TRANSFER,red
6890587200,TRANSFER,red
6890587200,TRANSFER,red
6890587200,TRANSFER,red
10000,TRANSFER,red
10000,TRANSFER,red
10000,TRANSFER,red
6890932800,TRANSFER,red
6890932800,TRANSFER,red
6890932800,TRANSFER,red
7069438800,TRANSFER,red
7069438800,TRANSFER,red
7069438800,DNR,yellow
7069438800,DNI,cyan
7069438800,TRANSFER,red
7069438800,RESUSCITATION,purple
7069438800,TRANSFER,red
7069611600,TRANSFER,red
7069611600,TRANSFER,red
7069611600,DNR,yellow
7069611600,DNI,cyan
7069611600,TRANSFER,red
7069611600,RESUSCITATION,purple
7069611600,TRANSFER,red
7070562000,TRANSFER,red
7070562000,TRANSFER,red
7070562000,DNR,yellow
7070562000,DNI,cyan
7070562000,TRANSFER,red
7070562000,RESUSCITATION,purple
7070562000,TRANSFER,red
7071339600,TRANSFER,red
7071339600,TRANSFER,red
7071339600,DNR,yellow
7071339600,DNI,cyan
7071339600,TRANSFER,red
7071339600,RESUSCITATION,purple
7071339600,TRANSFER,red
7071598800,TRANSFER,red
7071598800,TRANSFER,red
7071598800,DNR,yellow
7071598800,DNI,cyan
7071598800,TRANSFER,red
7071598800,RESUSCITATION,purple
7071598800,TRANSFER,red
7071339600,TRANSFER,red
7071339600,TRANSFER,red
7071339600,DNR,yellow
7071339600,DNI,cyan
7071339600,TRANSFER,red
7071339600,RESUSCITATION,purple
7071339600,TRANSFER,red
7069957200,TRANSFER,red
7069957200,TRANSFER,red
7069957200,DNR,yellow
7069957200,DNI,cyan
7069957200,TRANSFER,red
7069957200,RESUSCITATION,purple
7069957200,TRANSFER,red
7069784400,TRANSFER,red
7069784400,TRANSFER,red
7069784400,DNR,yellow
7069784400,DNI,cyan
7069784400,TRANSFER,red
7069784400,RESUSCITATION,purple
7069784400,TRANSFER,red
7071339600,TRANSFER,red
7071339600,TRANSFER,red
7071339600,DNR,yellow
7071339600,DNI,cyan
7071339600,TRANSFER,red
7071339600,RESUSCITATION,purple
7071339600,TRANSFER,red
7070389200,TRANSFER,red
7070389200,TRANSFER,red
7070389200,DNR,yellow
7070389200,DNI,cyan
7070389200,TRANSFER,red
7070389200,RESUSCITATION,purple
7070389200,TRANSFER,red
7070648400,TRANSFER,red
7070648400,TRANSFER,red
7070648400,DNR,yellow
7070648400,DNI,cyan
7070648400,TRANSFER,red
7070648400,RESUSCITATION,purple
7070648400,TRANSFER,red
7071598800,TRANSFER,red
7071598800,TRANSFER,red
7071598800,DNR,yellow
7071598800,DNI,cyan
7071598800,TRANSFER,red
7071598800,RESUSCITATION,purple
7071598800,TRANSFER,red
4877208000,INTUBATION,blue
4877208000,TRANSFER,red
4877208000,INTUBATION,blue
4877208000,INTUBATION,blue
4877208000,INTUBATION,blue
4877208000,TRANSFER,red
4877208000,FEEDING TUBE,pink
4877208000,FEEDING TUBE,pink
4877208000,FEEDING TUBE,pink
4877208000,FEEDING TUBE,pink
4877208000,INTUBATION,blue
4877208000,INTUBATION,blue
4877208000,DNR,yellow
4877208000,DNI,cyan
4877208000,DNI,cyan
4877208000,DNR,yellow
4877208000,DNI,cyan
4877208000,DNR,yellow
4877208000,DNI,cyan
4877208000,INTUBATION,blue
4877208000,TRANSFER,red
4877208000,INTUBATION,blue
4877208000,INTUBATION,blue
4877208000,TRANSFER,red
4877208000,INTUBATION,blue
4877208000,INTUBATION,blue
4877208000,INTUBATION,blue
4877208000,TRANSFER,red
4877208000,FEEDING TUBE,pink
4877208000,FEEDING TUBE,pink
4877208000,FEEDING TUBE,pink
4877208000,FEEDING TUBE,pink
4877208000,INTUBATION,blue
4877208000,INTUBATION,blue
4877208000,DNR,yellow
4877208000,DNI,cyan
4877208000,DNI,cyan
4877208000,DNR,yellow
4877208000,DNI,cyan
4877208000,DNR,yellow
4877208000,DNI,cyan
4877208000,INTUBATION,blue
4877208000,TRANSFER,red
4877208000,INTUBATION,blue
4877294400,INTUBATION,blue
4877294400,TRANSFER,red
4877294400,INTUBATION,blue
4877294400,INTUBATION,blue
4877294400,INTUBATION,blue
4877294400,TRANSFER,red
4877294400,FEEDING TUBE,pink
4877294400,FEEDING TUBE,pink
4877294400,FEEDING TUBE,pink
4877294400,FEEDING TUBE,pink
4877294400,INTUBATION,blue
4877294400,INTUBATION,blue
4877294400,DNR,yellow
4877294400,DNI,cyan
4877294400,DNI,cyan
4877294400,DNR,yellow
4877294400,DNI,cyan
4877294400,DNR,yellow
4877294400,DNI,cyan
4877294400,INTUBATION,blue
4877294400,TRANSFER,red
4877294400,INTUBATION,blue
4877208000,INTUBATION,blue
4877208000,TRANSFER,red
4877208000,INTUBATION,blue
4877208000,INTUBATION,blue
4877208000,INTUBATION,blue
4877208000,TRANSFER,red
4877208000,FEEDING TUBE,pink
4877208000,FEEDING TUBE,pink
4877208000,FEEDING TUBE,pink
4877208000,FEEDING TUBE,pink
4877208000,INTUBATION,blue
4877208000,INTUBATION,blue
4877208000,DNR,yellow
4877208000,DNI,cyan
4877208000,DNI,cyan
4877208000,DNR,yellow
4877208000,DNI,cyan
4877208000,DNR,yellow
4877208000,DNI,cyan
4877208000,INTUBATION,blue
4877208000,TRANSFER,red
4877208000,INTUBATION,blue
4877294400,INTUBATION,blue
4877294400,TRANSFER,red
4877294400,INTUBATION,blue
4877294400,INTUBATION,blue
4877294400,INTUBATION,blue
4877294400,TRANSFER,red
4877294400,FEEDING TUBE,pink
4877294400,FEEDING TUBE,pink
4877294400,FEEDING TUBE,pink
4877294400,FEEDING TUBE,pink
4877294400,INTUBATION,blue
4877294400,INTUBATION,blue
4877294400,DNR,yellow
4877294400,DNI,cyan
4877294400,DNI,cyan
4877294400,DNR,yellow
4877294400,DNI,cyan
4877294400,DNR,yellow
4877294400,DNI,cyan
4877294400,INTUBATION,blue
4877294400,TRANSFER,red
4877294400,INTUBATION,blue
4877208000,INTUBATION,blue
4877208000,TRANSFER,red
4877208000,INTUBATION,blue
4877208000,INTUBATION,blue
4877208000,INTUBATION,blue
4877208000,TRANSFER,red
4877208000,FEEDING TUBE,pink
4877208000,FEEDING TUBE,pink
4877208000,FEEDING TUBE,pink
4877208000,FEEDING TUBE,pink
4877208000,INTUBATION,blue
4877208000,INTUBATION,blue
4877208000,DNR,yellow
4877208000,DNI,cyan
4877208000,DNI,cyan
4877208000,DNR,yellow
4877208000,DNI,cyan
4877208000,DNR,yellow
4877208000,DNI,cyan
4877208000,INTUBATION,blue
4877208000,TRANSFER,red
4877208000,INTUBATION,blue
4877208000,INTUBATION,blue
4877208000,TRANSFER,red
4877208000,INTUBATION,blue
4877208000,INTUBATION,blue
4877208000,INTUBATION,blue
4877208000,TRANSFER,red
4877208000,FEEDING TUBE,pink
4877208000,FEEDING TUBE,pink
4877208000,FEEDING TUBE,pink
4877208000,FEEDING TUBE,pink
4877208000,INTUBATION,blue
4877208000,INTUBATION,blue
4877208000,DNR,yellow
4877208000,DNI,cyan
4877208000,DNI,cyan
4877208000,DNR,yellow
4877208000,DNI,cyan
4877208000,DNR,yellow
4877208000,DNI,cyan
4877208000,INTUBATION,blue
4877208000,TRANSFER,red
4877208000,INTUBATION,blue
4877380800,INTUBATION,blue
4877380800,TRANSFER,red
4877380800,INTUBATION,blue
4877380800,INTUBATION,blue
4877380800,INTUBATION,blue
4877380800,TRANSFER,red
4877380800,FEEDING TUBE,pink
4877380800,FEEDING TUBE,pink
4877380800,FEEDING TUBE,pink
4877380800,FEEDING TUBE,pink
4877380800,INTUBATION,blue
4877380800,INTUBATION,blue
4877380800,DNR,yellow
4877380800,DNI,cyan
4877380800,DNI,cyan
4877380800,DNR,yellow
4877380800,DNI,cyan
4877380800,DNR,yellow
4877380800,DNI,cyan
4877380800,INTUBATION,blue
4877380800,TRANSFER,red
4877380800,INTUBATION,blue
4878504000,INTUBATION,blue
4878504000,TRANSFER,red
4878504000,INTUBATION,blue
4878504000,INTUBATION,blue
4878504000,INTUBATION,blue
4878504000,TRANSFER,red
4878504000,FEEDING TUBE,pink
4878504000,FEEDING TUBE,pink
4878504000,FEEDING TUBE,pink
4878504000,FEEDING TUBE,pink
4878504000,INTUBATION,blue
4878504000,INTUBATION,blue
4878504000,DNR,yellow
4878504000,DNI,cyan
4878504000,DNI,cyan
4878504000,DNR,yellow
4878504000,DNI,cyan
4878504000,DNR,yellow
4878504000,DNI,cyan
4878504000,INTUBATION,blue
4878504000,TRANSFER,red
4878504000,INTUBATION,blue
4879195200,INTUBATION,blue
4879195200,TRANSFER,red
4879195200,INTUBATION,blue
4879195200,INTUBATION,blue
4879195200,INTUBATION,blue
4879195200,TRANSFER,red
4879195200,FEEDING TUBE,pink
4879195200,FEEDING TUBE,pink
4879195200,FEEDING TUBE,pink
4879195200,FEEDING TUBE,pink
4879195200,INTUBATION,blue
4879195200,INTUBATION,blue
4879195200,DNR,yellow
4879195200,DNI,cyan
4879195200,DNI,cyan
4879195200,DNR,yellow
4879195200,DNI,cyan
4879195200,DNR,yellow
4879195200,DNI,cyan
4879195200,INTUBATION,blue
4879195200,TRANSFER,red
4879195200,INTUBATION,blue
4879281600,INTUBATION,blue
4879281600,TRANSFER,red
4879281600,INTUBATION,blue
4879281600,INTUBATION,blue
4879281600,INTUBATION,blue
4879281600,TRANSFER,red
4879281600,FEEDING TUBE,pink
4879281600,FEEDING TUBE,pink
4879281600,FEEDING TUBE,pink
4879281600,FEEDING TUBE,pink
4879281600,INTUBATION,blue
4879281600,INTUBATION,blue
4879281600,DNR,yellow
4879281600,DNI,cyan
4879281600,DNI,cyan
4879281600,DNR,yellow
4879281600,DNI,cyan
4879281600,DNR,yellow
4879281600,DNI,cyan
4879281600,INTUBATION,blue
4879281600,TRANSFER,red
4879281600,INTUBATION,blue
4879540800,INTUBATION,blue
4879540800,TRANSFER,red
4879540800,INTUBATION,blue
4879540800,INTUBATION,blue
4879540800,INTUBATION,blue
4879540800,TRANSFER,red
4879540800,FEEDING TUBE,pink
4879540800,FEEDING TUBE,pink
4879540800,FEEDING TUBE,pink
4879540800,FEEDING TUBE,pink
4879540800,INTUBATION,blue
4879540800,INTUBATION,blue
4879540800,DNR,yellow
4879540800,DNI,cyan
4879540800,DNI,cyan
4879540800,DNR,yellow
4879540800,DNI,cyan
4879540800,DNR,yellow
4879540800,DNI,cyan
4879540800,INTUBATION,blue
4879540800,TRANSFER,red
4879540800,INTUBATION,blue
4877553600,INTUBATION,blue
4877553600,TRANSFER,red
4877553600,INTUBATION,blue
4877553600,INTUBATION,blue
4877553600,INTUBATION,blue
4877553600,TRANSFER,red
4877553600,FEEDING TUBE,pink
4877553600,FEEDING TUBE,pink
4877553600,FEEDING TUBE,pink
4877553600,FEEDING TUBE,pink
4877553600,INTUBATION,blue
4877553600,INTUBATION,blue
4877553600,DNR,yellow
4877553600,DNI,cyan
4877553600,DNI,cyan
4877553600,DNR,yellow
4877553600,DNI,cyan
4877553600,DNR,yellow
4877553600,DNI,cyan
4877553600,INTUBATION,blue
4877553600,TRANSFER,red
4877553600,INTUBATION,blue
4877640000,INTUBATION,blue
4877640000,TRANSFER,red
4877640000,INTUBATION,blue
4877640000,INTUBATION,blue
4877640000,INTUBATION,blue
4877640000,TRANSFER,red
4877640000,FEEDING TUBE,pink
4877640000,FEEDING TUBE,pink
4877640000,FEEDING TUBE,pink
4877640000,FEEDING TUBE,pink
4877640000,INTUBATION,blue
4877640000,INTUBATION,blue
4877640000,DNR,yellow
4877640000,DNI,cyan
4877640000,DNI,cyan
4877640000,DNR,yellow
4877640000,DNI,cyan
4877640000,DNR,yellow
4877640000,DNI,cyan
4877640000,INTUBATION,blue
4877640000,TRANSFER,red
4877640000,INTUBATION,blue
4877726400,INTUBATION,blue
4877726400,TRANSFER,red
4877726400,INTUBATION,blue
4877726400,INTUBATION,blue
4877726400,INTUBATION,blue
4877726400,TRANSFER,red
4877726400,FEEDING TUBE,pink
4877726400,FEEDING TUBE,pink
4877726400,FEEDING TUBE,pink
4877726400,FEEDING TUBE,pink
4877726400,INTUBATION,blue
4877726400,INTUBATION,blue
4877726400,DNR,yellow
4877726400,DNI,cyan
4877726400,DNI,cyan
4877726400,DNR,yellow
4877726400,DNI,cyan
4877726400,DNR,yellow
4877726400,DNI,cyan
4877726400,INTUBATION,blue
4877726400,TRANSFER,red
4877726400,INTUBATION,blue
4878331200,INTUBATION,blue
4878331200,TRANSFER,red
4878331200,INTUBATION,blue
4878331200,INTUBATION,blue
4878331200,INTUBATION,blue
4878331200,TRANSFER,red
4878331200,FEEDING TUBE,pink
4878331200,FEEDING TUBE,pink
4878331200,FEEDING TUBE,pink
4878331200,FEEDING TUBE,pink
4878331200,INTUBATION,blue
4878331200,INTUBATION,blue
4878331200,DNR,yellow
4878331200,DNI,cyan
4878331200,DNI,cyan
4878331200,DNR,yellow
4878331200,DNI,cyan
4878331200,DNR,yellow
4878331200,DNI,cyan
4878331200,INTUBATION,blue
4878331200,TRANSFER,red
4878331200,INTUBATION,blue
4877294400,INTUBATION,blue
4877294400,TRANSFER,red
4877294400,INTUBATION,blue
4877294400,INTUBATION,blue
4877294400,INTUBATION,blue
4877294400,TRANSFER,red
4877294400,FEEDING TUBE,pink
4877294400,FEEDING TUBE,pink
4877294400,FEEDING TUBE,pink
4877294400,FEEDING TUBE,pink
4877294400,INTUBATION,blue
4877294400,INTUBATION,blue
4877294400,DNR,yellow
4877294400,DNI,cyan
4877294400,DNI,cyan
4877294400,DNR,yellow
4877294400,DNI,cyan
4877294400,DNR,yellow
4877294400,DNI,cyan
4877294400,INTUBATION,blue
4877294400,TRANSFER,red
4877294400,INTUBATION,blue
4877640000,INTUBATION,blue
4877640000,TRANSFER,red
4877640000,INTUBATION,blue
4877640000,INTUBATION,blue
4877640000,INTUBATION,blue
4877640000,TRANSFER,red
4877640000,FEEDING TUBE,pink
4877640000,FEEDING TUBE,pink
4877640000,FEEDING TUBE,pink
4877640000,FEEDING TUBE,pink
4877640000,INTUBATION,blue
4877640000,INTUBATION,blue
4877640000,DNR,yellow
4877640000,DNI,cyan
4877640000,DNI,cyan
4877640000,DNR,yellow
4877640000,DNI,cyan
4877640000,DNR,yellow
4877640000,DNI,cyan
4877640000,INTUBATION,blue
4877640000,TRANSFER,red
4877640000,INTUBATION,blue
4878331200,INTUBATION,blue
4878331200,TRANSFER,red
4878331200,INTUBATION,blue
4878331200,INTUBATION,blue
4878331200,INTUBATION,blue
4878331200,TRANSFER,red
4878331200,FEEDING TUBE,pink
4878331200,FEEDING TUBE,pink
4878331200,FEEDING TUBE,pink
4878331200,FEEDING TUBE,pink
4878331200,INTUBATION,blue
4878331200,INTUBATION,blue
4878331200,DNR,yellow
4878331200,DNI,cyan
4878331200,DNI,cyan
4878331200,DNR,yellow
4878331200,DNI,cyan
4878331200,DNR,yellow
4878331200,DNI,cyan
4878331200,INTUBATION,blue
4878331200,TRANSFER,red
4878331200,INTUBATION,blue
4878331200,INTUBATION,blue
4878331200,TRANSFER,red
4878331200,INTUBATION,blue
4878331200,INTUBATION,blue
4878331200,INTUBATION,blue
4878331200,TRANSFER,red
4878331200,FEEDING TUBE,pink
4878331200,FEEDING TUBE,pink
4878331200,FEEDING TUBE,pink
4878331200,FEEDING TUBE,pink
4878331200,INTUBATION,blue
4878331200,INTUBATION,blue
4878331200,DNR,yellow
4878331200,DNI,cyan
4878331200,DNI,cyan
4878331200,DNR,yellow
4878331200,DNI,cyan
4878331200,DNR,yellow
4878331200,DNI,cyan
4878331200,INTUBATION,blue
4878331200,TRANSFER,red
4878331200,INTUBATION,blue